pfv_id,phase,session,surface,variant_axis,state_shown,device,aspect_ratio,parent_id,evolution_pattern,delta_axis,v_verdict,v_5gate,feedback_note,local_path,created_at_utc,downstream_use,forbidden_use,notes
pfv-S00-V1-en,P0,S00-EN,capture-station-desktop,1-default-empty,idle,desktop,16:9,,,,V-PASS-with-language-gap,PPPPP,EN UI chrome must localize before reuse,docs/research/visual-prototypes/PF-V/images-P0-EN-reference/pfv-S00-V1-en-default-empty.png,2026-05-06T22:50:00Z,archive-only,not-implementation-source,EN reference archive
pfv-S00-V2-en,P0,S00-EN,capture-station-desktop,2-loading,loading,desktop,16:9,,,,V-PASS-with-language-gap,PPPPP,EN UI chrome,docs/research/visual-prototypes/PF-V/images-P0-EN-reference/pfv-S00-V2-en-loading.png,2026-05-06T22:50:00Z,archive-only,not-implementation-source,EN reference archive
pfv-S00-V3-en,P0,S00-EN,capture-station-desktop,3-metadata-loaded,partial-ready,desktop,16:9,,,,V-PASS-with-language-gap,PPPPP,EN + title H5 inconsistency,docs/research/visual-prototypes/PF-V/images-P0-EN-reference/pfv-S00-V3-en-metadata-loaded.png,2026-05-06T22:50:00Z,archive-only,not-implementation-source,EN reference archive
pfv-S00-V4-en,P0,S00-EN,capture-station-desktop,4-full-state,ready,desktop,16:9,,,,V-PASS-with-language-gap,PPPPP,was old EN anchor,docs/research/visual-prototypes/PF-V/images-P0-EN-reference/pfv-S00-V4-en-full-state-ANCHOR.png,2026-05-06T22:50:00Z,archive-only,not-implementation-source,EN reference archive ANCHOR
pfv-S00-V5-en,P0,S00-EN,capture-station-desktop,5-vault-preview-expanded,ready,desktop,16:9,,,,V-PASS-with-language-gap,PPPPP,EN UI chrome,docs/research/visual-prototypes/PF-V/images-P0-EN-reference/pfv-S00-V5-en-vault-preview-expanded.png,2026-05-06T22:50:00Z,archive-only,not-implementation-source,EN reference archive
pfv-S00-V6-en,P0,S00-EN,capture-station-desktop,6-dry-run-visible,blocked,desktop,16:9,,,,V-PASS-with-language-gap,PPPPP,EN UI chrome,docs/research/visual-prototypes/PF-V/images-P0-EN-reference/pfv-S00-V6-en-dry-run-visible.png,2026-05-06T22:50:00Z,archive-only,not-implementation-source,EN reference archive
pfv-S00-V7-en,P0,S00-EN,capture-station-desktop,7-sidebar-collapsed,ready,desktop,16:9,,,,V-PASS-with-language-gap,PPPPP,EN UI chrome,docs/research/visual-prototypes/PF-V/images-P0-EN-reference/pfv-S00-V7-en-sidebar-collapsed.png,2026-05-06T22:50:00Z,archive-only,not-implementation-source,EN reference archive
pfv-S00-V8-en,P0,S00-EN,capture-station-desktop,8-error-banner,error,desktop,16:9,,,,V-PASS-with-language-gap,PPPPP,EN UI chrome,docs/research/visual-prototypes/PF-V/images-P0-EN-reference/pfv-S00-V8-en-error-banner.png,2026-05-06T22:50:00Z,archive-only,not-implementation-source,EN reference archive
pfv-S00-V9-en,P0,S00-EN,capture-station-desktop,9-high-density,ready,desktop,16:9,,,,V-PASS-with-language-gap,PPPPP,EN UI chrome,docs/research/visual-prototypes/PF-V/images-P0-EN-reference/pfv-S00-V9-en-high-density.png,2026-05-06T22:50:00Z,archive-only,not-implementation-source,EN reference archive
pfv-S00-V10-en,P0,S00-EN,capture-station-desktop,10-reduced-density,ready,desktop,16:9,,,,V-PASS-with-language-gap,PPPPP,EN UI chrome,docs/research/visual-prototypes/PF-V/images-P0-EN-reference/pfv-S00-V10-en-reduced-density.png,2026-05-06T22:50:00Z,archive-only,not-implementation-source,EN reference archive
pfv-S00-V1,P0,S00,capture-station-desktop,1-default-empty,idle,desktop,16:9,,,,V-PASS,PPPPP,low info density,docs/research/visual-prototypes/PF-V/images-P0/pfv-S00-V1-cn-default-empty.png,2026-05-06T22:58:00Z,PF-C4-html-source,not-implementation-source,
pfv-S00-V2,P0,S00,capture-station-desktop,2-loading,loading,desktop,16:9,,,,V-PASS,PPPPP,intermediate state,docs/research/visual-prototypes/PF-V/images-P0/pfv-S00-V2-cn-loading.png,2026-05-06T22:58:00Z,PF-C4-html-source,not-implementation-source,
pfv-S00-V3,P0,S00,capture-station-desktop,3-metadata-loaded,partial-ready,desktop,16:9,,,,V-PASS,PPPPP,intermediate state,docs/research/visual-prototypes/PF-V/images-P0/pfv-S00-V3-cn-metadata-loaded.png,2026-05-06T22:58:00Z,PF-C4-html-source,not-implementation-source,
pfv-S00-V4,P0,S00,capture-station-desktop,4-full-state,ready,desktop,16:9,,,,V-PASS,PPPPP,initial CN anchor TOP1,docs/research/visual-prototypes/PF-V/images-P0/pfv-S00-V4-cn-full-state-TOP1-ANCHOR.png,2026-05-06T22:58:00Z,master-anchor-base,not-implementation-source,initial anchor superseded by SUPER-ANCHOR-FINAL
pfv-S00-V5,P0,S00,capture-station-desktop,5-vault-preview-expanded,ready,desktop,16:9,,,,V-PASS,PPPPP,markdown excerpt panel,docs/research/visual-prototypes/PF-V/images-P0/pfv-S00-V5-cn-vault-preview-expanded-TOP2.png,2026-05-06T22:58:00Z,PF-C4-html-source,not-implementation-source,TOP2 initial
pfv-S00-V6,P0,S00,capture-station-desktop,6-dry-run-visible,blocked,desktop,16:9,,,,V-PASS,PPPPP,write_enabled=false viz,docs/research/visual-prototypes/PF-V/images-P0/pfv-S00-V6-cn-dry-run-visible.png,2026-05-06T22:58:00Z,PF-C4-html-source,not-implementation-source,
pfv-S00-V7,P0,S00,capture-station-desktop,7-sidebar-collapsed,ready,desktop,16:9,,,,V-PASS-with-concern,PPPPP,duplicate of V4 visually,docs/research/visual-prototypes/PF-V/images-P0/pfv-S00-V7-cn-sidebar-collapsed.png,2026-05-06T22:58:00Z,PF-C4-html-source,not-implementation-source,low differentiation
pfv-S00-V8,P0,S00,capture-station-desktop,8-error-banner,error,desktop,16:9,,,,V-PASS,PPPPP,error state typical,docs/research/visual-prototypes/PF-V/images-P0/pfv-S00-V8-cn-error-banner-TOP3.png,2026-05-06T22:58:00Z,PF-C4-html-source,not-implementation-source,TOP3 initial error reference
pfv-S00-V9,P0,S00,capture-station-desktop,9-high-density,ready,desktop,16:9,,,,V-PASS,PPPPP,density upper bound,docs/research/visual-prototypes/PF-V/images-P0/pfv-S00-V9-cn-high-density.png,2026-05-06T22:58:00Z,PF-C4-html-source,not-implementation-source,
pfv-S00-V10,P0,S00,capture-station-desktop,10-reduced-density,ready,desktop,16:9,,,,V-PASS,PPPPP,density lower bound,docs/research/visual-prototypes/PF-V/images-P0/pfv-S00-V10-cn-reduced-density.png,2026-05-06T22:58:00Z,PF-C4-html-source,not-implementation-source,
pfv-SUPER-ANCHOR-A-archive,P0,Merge,capture-station-desktop,merge-with-footer,ready,desktop,16:9,pfv-S00-V4|pfv-S01-V5|pfv-S01-V4|pfv-S01-V8,Multi-anchor-merge,full-merge-graph-stepper-footer,V-PASS,PPPPP,A archived; FINAL chose B (no footer),docs/research/visual-prototypes/PF-V/images-P0/pfv-SUPER-ANCHOR-A-archive-with-footer.png,2026-05-06T23:33:00Z,archive-only,not-implementation-source,archived candidate
pfv-SUPER-ANCHOR-FINAL,P0,Merge,capture-station-desktop,merge-no-footer,ready,desktop,16:9,pfv-S00-V4|pfv-S01-V5|pfv-S01-V4,Multi-anchor-merge,graph-stepper-merge,V-PASS,PPPPP,FINAL master super anchor; all downstream sessions inherit,docs/research/visual-prototypes/PF-V/images-P0/pfv-SUPER-ANCHOR-FINAL-cn.png,2026-05-06T23:33:00Z,master-anchor-base,not-implementation-source,MASTER ANCHOR LOCKED
pfv-S01-V1,P1,S01,capture-station-desktop,1-header-minimal,ready,desktop,16:9,pfv-S00-V4,Detail-variant,header-minimal,V-PASS,PPPPP,minimal header but loses brand area,docs/research/visual-prototypes/PF-V/images-P1-desktop/pfv-S01-V1-cn-header-minimal.png,2026-05-06T23:49:00Z,PF-C4-html-source,not-implementation-source,
pfv-S01-V2,P1,S01,capture-station-desktop,2-urlbar-filled,ready,desktop,16:9,pfv-S00-V4,Detail-variant,urlbar-filled-surface-muted,V-PASS,PPPPP,input zone clearly identifiable,docs/research/visual-prototypes/PF-V/images-P1-desktop/pfv-S01-V2-cn-urlbar-filled-surface-muted.png,2026-05-06T23:49:00Z,PF-C4-html-source,not-implementation-source,
pfv-S01-V3,P1,S01,capture-station-desktop,3-captureId-chip-at-top,ready,desktop,16:9,pfv-S00-V4,Detail-variant,captureId-chip-at-top,V-PASS,PPPPP,neutral cleaner panel,docs/research/visual-prototypes/PF-V/images-P1-desktop/pfv-S01-V3-cn-captureId-chip-at-top.png,2026-05-06T23:49:00Z,PF-C4-html-source,not-implementation-source,
pfv-S01-V4,P1,S01,capture-station-desktop,4-scope-stepper,ready,desktop,16:9,pfv-S00-V4,Detail-variant,scope-stepper-horizontal,V-PASS,PPPPP,dynamic stepper progress visualization,docs/research/visual-prototypes/PF-V/images-P1-desktop/pfv-S01-V4-cn-scope-stepper-TOP2.png,2026-05-06T23:49:00Z,master-anchor-base,not-implementation-source,TOP2 used in SUPER-ANCHOR merge
pfv-S01-V5,P1,S01,capture-station-desktop,5-trust-trace-graph,ready,desktop,16:9,pfv-S00-V4,Detail-variant,trust-trace-graph-with-legend,V-PASS,PPPPP,KILLER FEATURE - graph visualization quantum leap,docs/research/visual-prototypes/PF-V/images-P1-desktop/pfv-S01-V5-cn-trust-trace-graph-TOP1-NEWANCHOR.png,2026-05-06T23:49:00Z,master-anchor-base,not-implementation-source,TOP1 NEW ANCHOR used in SUPER-ANCHOR merge
pfv-S01-V6,P1,S01,capture-station-desktop,6-vault-preview-icon-text,ready,desktop,16:9,pfv-S00-V4,Detail-variant,vault-preview-button-icon-text,V-PASS,PPPPP,small detail addition,docs/research/visual-prototypes/PF-V/images-P1-desktop/pfv-S01-V6-cn-vault-preview-icon-text.png,2026-05-06T23:49:00Z,PF-C4-html-source,not-implementation-source,
pfv-S01-V7,P1,S01,capture-station-desktop,7-runtime-pill,ready,desktop,16:9,pfv-S00-V4,Detail-variant,runtime-pill-top-right,V-PASS,PPPPP,workstation feel small detail,docs/research/visual-prototypes/PF-V/images-P1-desktop/pfv-S01-V7-cn-runtime-pill.png,2026-05-06T23:49:00Z,PF-C4-html-source,not-implementation-source,
pfv-S01-V8,P1,S01,capture-station-desktop,8-footer-build-pill,ready,desktop,16:9,pfv-S00-V4,Detail-variant,footer-build-version-pill,V-PASS,PPPPP,engineering vibe element,docs/research/visual-prototypes/PF-V/images-P1-desktop/pfv-S01-V8-cn-footer-build-pill-TOP3.png,2026-05-06T23:49:00Z,master-anchor-base,not-implementation-source,TOP3 considered in SUPER-ANCHOR merge but dropped in FINAL B (no footer)
pfv-S01-V9,P1,S01,capture-station-desktop,9-border-1.5px-strong,ready,desktop,16:9,pfv-S00-V4,Detail-variant,border-1.5px-strong,V-PASS-with-concern,PPPPP,frame-like feel slightly off,docs/research/visual-prototypes/PF-V/images-P1-desktop/pfv-S01-V9-cn-border-1_5px-strong.png,2026-05-06T23:49:00Z,PF-C4-html-source,not-implementation-source,sharper but loses softness
pfv-S01-V10,P1,S01,capture-station-desktop,10-gap-32px,ready,desktop,16:9,pfv-S00-V4,Detail-variant,panel-gap-32px,V-PASS-with-concern,PPPPP,duplicate of S00-V10 reduced density,docs/research/visual-prototypes/PF-V/images-P1-desktop/pfv-S01-V10-cn-gap-32px.png,2026-05-06T23:49:00Z,PF-C4-html-source,not-implementation-source,
pfv-S04-V1,P2,S04,url-bar,1-empty,idle,desktop,16:9,pfv-SUPER-ANCHOR-FINAL,Component-zoom,empty-state,V-PASS,PPPPP,placeholder gray + button disabled,docs/research/visual-prototypes/PF-V/images-P2-url-bar/pfv-S04-V1-cn-empty.png,2026-05-07T00:51:00Z,PF-C4-html-source,not-implementation-source,
pfv-S04-V2,P2,S04,url-bar,2-focus,focus,desktop,16:9,pfv-SUPER-ANCHOR-FINAL,Component-zoom,focus-state,V-PASS,PPPPP,border accent_live emphasized,docs/research/visual-prototypes/PF-V/images-P2-url-bar/pfv-S04-V2-cn-focus.png,2026-05-07T00:51:00Z,PF-C4-html-source,not-implementation-source,
pfv-S04-V3,P2,S04,url-bar,3-pasted-unverified,partial-ready,desktop,16:9,pfv-SUPER-ANCHOR-FINAL,Component-zoom,pasted-unverified,V-PASS,PPPPP,button accent_focus pending,docs/research/visual-prototypes/PF-V/images-P2-url-bar/pfv-S04-V3-cn-pasted-unverified.png,2026-05-07T00:51:00Z,PF-C4-html-source,not-implementation-source,
pfv-S04-V4,P2,S04,url-bar,4-pasted-verified,ready,desktop,16:9,pfv-SUPER-ANCHOR-FINAL,Component-zoom,pasted-verified-armed,V-PASS,PPPPP,daily path representative,docs/research/visual-prototypes/PF-V/images-P2-url-bar/pfv-S04-V4-cn-pasted-verified-TOP3.png,2026-05-07T00:51:00Z,PF-C4-html-source-priority,not-implementation-source,TOP3 happy path
pfv-S04-V5,P2,S04,url-bar,5-validating,loading,desktop,16:9,pfv-SUPER-ANCHOR-FINAL,Component-zoom,validating-spinner,V-PASS,PPPPP,truncated URL + spinner,docs/research/visual-prototypes/PF-V/images-P2-url-bar/pfv-S04-V5-cn-validating.png,2026-05-07T00:51:00Z,PF-C4-html-source,not-implementation-source,
pfv-S04-V6,P2,S04,url-bar,6-error,error,desktop,16:9,pfv-SUPER-ANCHOR-FINAL,Component-zoom,error-invalid-url,V-PASS,PPPPP,abnormal path representative,docs/research/visual-prototypes/PF-V/images-P2-url-bar/pfv-S04-V6-cn-error-TOP3.png,2026-05-07T00:51:00Z,PF-C4-html-source-priority,not-implementation-source,TOP3 error path
pfv-S04-V7,P2,S04,url-bar,7-success,success,desktop,16:9,pfv-SUPER-ANCHOR-FINAL,Component-zoom,success-with-toast,V-PASS,PPPPP,success story full integration,docs/research/visual-prototypes/PF-V/images-P2-url-bar/pfv-S04-V7-cn-success-TOP2.png,2026-05-07T00:51:00Z,PF-C4-html-source-priority,not-implementation-source,TOP2 success cascade
pfv-S04-V8,P2,S04,url-bar,8-disabled,blocked,desktop,16:9,pfv-SUPER-ANCHOR-FINAL,Component-zoom,disabled-write-locked,V-PASS,PPPPP,write_enabled=false visualization,docs/research/visual-prototypes/PF-V/images-P2-url-bar/pfv-S04-V8-cn-disabled.png,2026-05-07T00:51:00Z,PF-C4-html-source,not-implementation-source,
pfv-S04-V9,P2,S04,url-bar,9-history-dropdown,ready,desktop,16:9,pfv-SUPER-ANCHOR-FINAL,Component-zoom,history-5-rows,V-PASS,PPPPP,STRONGEST workstation feel - 5 dummy rows perfect,docs/research/visual-prototypes/PF-V/images-P2-url-bar/pfv-S04-V9-cn-history-dropdown-TOP1.png,2026-05-07T00:51:00Z,PF-C4-html-source-priority,not-implementation-source,TOP1 history pattern
pfv-S04-V10,P2,S04,url-bar,10-dragover,active,desktop,16:9,pfv-SUPER-ANCHOR-FINAL,Component-zoom,dragover-glow,V-PASS,PPPPP,border_focus glow + drop hint,docs/research/visual-prototypes/PF-V/images-P2-url-bar/pfv-S04-V10-cn-dragover.png,2026-05-07T00:51:00Z,PF-C4-html-source,not-implementation-source,
pfv-S05-V1,P2,S05,live-metadata,1-long-cn-title,ready,desktop,16:9,pfv-SUPER-ANCHOR-FINAL,Component-zoom,long-title-wrap,V-PASS,PPPPP,3-line wrap grid maintained,docs/research/visual-prototypes/PF-V/images-P2-live-metadata/pfv-S05-V1-cn-long-cn-title.png,2026-05-07T00:59:00Z,PF-C4-html-source,not-implementation-source,
pfv-S05-V2,P2,S05,live-metadata,2-short-title-long-uploader,ready,desktop,16:9,pfv-SUPER-ANCHOR-FINAL,Component-zoom,uploader-truncate-ellipsis,V-PASS,PPPPP,ellipsis truncation,docs/research/visual-prototypes/PF-V/images-P2-live-metadata/pfv-S05-V2-cn-short-title-long-uploader.png,2026-05-07T00:59:00Z,PF-C4-html-source,not-implementation-source,
pfv-S05-V3,P2,S05,live-metadata,3-cn-en-mixed-title,ready,desktop,16:9,pfv-SUPER-ANCHOR-FINAL,Component-zoom,cn-en-baseline-aligned,V-PASS,PPPPP,baseline alignment perfect,docs/research/visual-prototypes/PF-V/images-P2-live-metadata/pfv-S05-V3-cn-cn-en-mixed-title.png,2026-05-07T00:59:00Z,PF-C4-html-source,not-implementation-source,
pfv-S05-V4,P2,S05,live-metadata,4-numbers-heavy,ready,desktop,16:9,pfv-SUPER-ANCHOR-FINAL,Component-zoom,5-high-numbers-mono,V-PASS,PPPPP,density upper bound test passed,docs/research/visual-prototypes/PF-V/images-P2-live-metadata/pfv-S05-V4-cn-numbers-heavy-TOP3.png,2026-05-07T00:59:00Z,PF-C4-html-source-priority,not-implementation-source,TOP3 density limit
pfv-S05-V5,P2,S05,live-metadata,5-sparse-data,ready,desktop,16:9,pfv-SUPER-ANCHOR-FINAL,Component-zoom,em-dash-placeholder,V-PASS,PPPPP,placeholder consistent text_muted,docs/research/visual-prototypes/PF-V/images-P2-live-metadata/pfv-S05-V5-cn-sparse-data.png,2026-05-07T00:59:00Z,PF-C4-html-source,not-implementation-source,
pfv-S05-V6,P2,S05,live-metadata,6-tags-overflow,ready,desktop,16:9,pfv-SUPER-ANCHOR-FINAL,Component-zoom,8-chips-plus-3-overflow,V-PASS,PPPPP,layout robustness winner,docs/research/visual-prototypes/PF-V/images-P2-live-metadata/pfv-S05-V6-cn-tags-overflow-TOP2.png,2026-05-07T00:59:00Z,PF-C4-html-source-priority,not-implementation-source,TOP2 tag overflow contract
pfv-S05-V7,P2,S05,live-metadata,7-live-counter,active,desktop,16:9,pfv-SUPER-ANCHOR-FINAL,Component-zoom,live-mono-accent_live,V-PASS,PPPPP,LIVE STATE viz strongest unique,docs/research/visual-prototypes/PF-V/images-P2-live-metadata/pfv-S05-V7-cn-live-counter-TOP1.png,2026-05-07T00:59:00Z,PF-C4-html-source-priority,not-implementation-source,TOP1 live state
pfv-S05-V8,P2,S05,live-metadata,8-multi-lang-title,ready,desktop,16:9,pfv-SUPER-ANCHOR-FINAL,Component-zoom,multi-lang-baseline,V-PASS,PPPPP,jp/cn/en stack alignment,docs/research/visual-prototypes/PF-V/images-P2-live-metadata/pfv-S05-V8-cn-multi-lang-title.png,2026-05-07T00:59:00Z,PF-C4-html-source,not-implementation-source,
pfv-S05-V9,P2,S05,live-metadata,9-paged-metadata,ready,desktop,16:9,pfv-SUPER-ANCHOR-FINAL,Component-zoom,paged-1-of-12-stepper,V-PASS,PPPPP,12-dot mini stepper,docs/research/visual-prototypes/PF-V/images-P2-live-metadata/pfv-S05-V9-cn-paged-metadata.png,2026-05-07T00:59:00Z,PF-C4-html-source,not-implementation-source,
pfv-S05-V10,P2,S05,live-metadata,10-thumbnail-field,ready,desktop,16:9,pfv-SUPER-ANCHOR-FINAL,Component-zoom,geometric-thumbnail-placeholder,V-PASS,PPPPP,no stock photo placeholder,docs/research/visual-prototypes/PF-V/images-P2-live-metadata/pfv-S05-V10-cn-thumbnail-field.png,2026-05-07T00:59:00Z,PF-C4-html-source,not-implementation-source,
pfv-S06-V1,P2,S06,capture-scope,1-lifecycle-start,partial-ready,desktop,16:9,pfv-SUPER-ANCHOR-FINAL,State-machine-snapshot,step1-active,V-PASS,PPPPP,5 fields em-dash placeholder,docs/research/visual-prototypes/PF-V/images-P2-capture-scope/pfv-S06-V1-cn-lifecycle-start.png,2026-05-07T01:08:00Z,PF-C4-html-source,not-implementation-source,
pfv-S06-V2,P2,S06,capture-scope,2-lifecycle-progress,active,desktop,16:9,pfv-SUPER-ANCHOR-FINAL,State-machine-snapshot,step3-active,V-PASS,PPPPP,baseline matches super anchor,docs/research/visual-prototypes/PF-V/images-P2-capture-scope/pfv-S06-V2-cn-lifecycle-progress.png,2026-05-07T01:08:00Z,PF-C4-html-source,not-implementation-source,
pfv-S06-V3,P2,S06,capture-scope,3-lifecycle-complete,success,desktop,16:9,pfv-SUPER-ANCHOR-FINAL,State-machine-snapshot,all-4-success,V-PASS,PPPPP,victory state 4-green,docs/research/visual-prototypes/PF-V/images-P2-capture-scope/pfv-S06-V3-cn-lifecycle-complete-TOP3.png,2026-05-07T01:08:00Z,PF-C4-html-source-priority,not-implementation-source,TOP3 victory
pfv-S06-V4,P2,S06,capture-scope,4-lifecycle-error,error,desktop,16:9,pfv-SUPER-ANCHOR-FINAL,State-machine-snapshot,step3-failed-retry,V-PASS,PPPPP,X mark + retry CTA + bilibili API timeout,docs/research/visual-prototypes/PF-V/images-P2-capture-scope/pfv-S06-V4-cn-lifecycle-error-TOP2.png,2026-05-07T01:08:00Z,PF-C4-html-source-priority,not-implementation-source,TOP2 abnormal full
pfv-S06-V5,P2,S06,capture-scope,5-blocked-layer-tooltip,blocked,desktop,16:9,pfv-SUPER-ANCHOR-FINAL,State-machine-snapshot,governance-tooltip,V-PASS,PPPPP,GOVERNANCE TRANSPARENCY blocked_by PF-O1-02,docs/research/visual-prototypes/PF-V/images-P2-capture-scope/pfv-S06-V5-cn-blocked-layer-tooltip-TOP1.png,2026-05-07T01:08:00Z,PF-C4-html-source-priority,not-implementation-source,TOP1 governance visualization
pfv-S07-V1,P2,S07,trust-trace,1-filter-dom-only,filtered,desktop,16:9,pfv-SUPER-ANCHOR-FINAL,Graph-state,filter-chips-dom-only,V-PASS,PPPPP,JSON-LD muted accent_blocked,docs/research/visual-prototypes/PF-V/images-P2-trust-trace/pfv-S07-V1-cn-filter-dom-only.png,2026-05-07T01:14:00Z,PF-C4-html-source,not-implementation-source,
pfv-S07-V2,P2,S07,trust-trace,2-node-search,filtered,desktop,16:9,pfv-SUPER-ANCHOR-FINAL,Graph-state,search-og-title-glow,V-PASS,PPPPP,FTS metaphor accent_focus glow,docs/research/visual-prototypes/PF-V/images-P2-trust-trace/pfv-S07-V2-cn-node-search-TOP3.png,2026-05-07T01:14:00Z,PF-C4-html-source-priority,not-implementation-source,TOP3 search
pfv-S07-V3,P2,S07,trust-trace,3-time-axis,ready,desktop,16:9,pfv-SUPER-ANCHOR-FINAL,Graph-state,time-axis-rearrange,V-PASS,PPPPP,GRAPH EVOLUTION strongest - 6.2s path,docs/research/visual-prototypes/PF-V/images-P2-trust-trace/pfv-S07-V3-cn-time-axis-TOP1.png,2026-05-07T01:14:00Z,PF-C4-html-source-priority,not-implementation-source,TOP1 archeology view
pfv-S07-V4,P2,S07,trust-trace,4-error-path,error,desktop,16:9,pfv-SUPER-ANCHOR-FINAL,Graph-state,partial-failure-403,V-PASS,PPPPP,DOM stats X mark + tooltip,docs/research/visual-prototypes/PF-V/images-P2-trust-trace/pfv-S07-V4-cn-error-path-TOP2.png,2026-05-07T01:14:00Z,PF-C4-html-source-priority,not-implementation-source,TOP2 partial failure
pfv-S07-V5,P2,S07,trust-trace,5-empty-state,empty,desktop,16:9,pfv-SUPER-ANCHOR-FINAL,Graph-state,document-only-dashed-skeleton,V-PASS,PPPPP,caption typo but content correct,docs/research/visual-prototypes/PF-V/images-P2-trust-trace/pfv-S07-V5-cn-empty-state.png,2026-05-07T01:14:00Z,PF-C4-html-source,not-implementation-source,empty state baseline
pfv-S08-V1,P2,S08,vault-preview,1-idle,idle,desktop,16:9,pfv-SUPER-ANCHOR-FINAL,Component-zoom,idle-placeholder,V-PASS-with-path-concern,PPPPP,EARLY: dummy path scoutflow-vault not raw inbox,docs/research/visual-prototypes/PF-V/images-P2-vault-preview/pfv-S08-V1-cn-idle.png,2026-05-07T01:23:00Z,PF-C4-html-source,not-implementation-source,master-context fixed after this session
pfv-S08-V2,P2,S08,vault-preview,2-loading,loading,desktop,16:9,pfv-SUPER-ANCHOR-FINAL,Component-zoom,skeleton-pulse,V-PASS-with-path-concern,PPPPP,dummy path issue,docs/research/visual-prototypes/PF-V/images-P2-vault-preview/pfv-S08-V2-cn-loading.png,2026-05-07T01:23:00Z,PF-C4-html-source,not-implementation-source,
pfv-S08-V3,P2,S08,vault-preview,3-ready,ready,desktop,16:9,pfv-SUPER-ANCHOR-FINAL,Component-zoom,markdown-rendered-full,V-PASS-with-path-concern,PPPPP,DEFAULT CORE STATE ready baseline,docs/research/visual-prototypes/PF-V/images-P2-vault-preview/pfv-S08-V3-cn-ready-TOP1.png,2026-05-07T01:23:00Z,PF-C4-html-source-priority,not-implementation-source,TOP1 baseline
pfv-S08-V4,P2,S08,vault-preview,4-error,error,desktop,16:9,pfv-SUPER-ANCHOR-FINAL,Component-zoom,template-render-error,V-PASS-with-path-concern,PPPPP,error stack trace mono,docs/research/visual-prototypes/PF-V/images-P2-vault-preview/pfv-S08-V4-cn-error.png,2026-05-07T01:23:00Z,PF-C4-html-source,not-implementation-source,
pfv-S08-V5,P2,S08,vault-preview,5-blocked,blocked,desktop,16:9,pfv-SUPER-ANCHOR-FINAL,Component-zoom,overflow-registry-banner,V-PASS-with-path-concern,PPPPP,GOVERNANCE banner PF-O1-02,docs/research/visual-prototypes/PF-V/images-P2-vault-preview/pfv-S08-V5-cn-blocked-overflow-registry-TOP2.png,2026-05-07T01:23:00Z,PF-C4-html-source-priority,not-implementation-source,TOP2 governance
pfv-S08-V6,P2,S08,vault-preview,6-long-content,ready,desktop,16:9,pfv-SUPER-ANCHOR-FINAL,Component-zoom,scroll-fade-30-lines,V-PASS-with-path-concern,PPPPP,scroll fade effect,docs/research/visual-prototypes/PF-V/images-P2-vault-preview/pfv-S08-V6-cn-long-content.png,2026-05-07T01:23:00Z,PF-C4-html-source,not-implementation-source,
pfv-S08-V7,P2,S08,vault-preview,7-frontmatter-expanded,ready,desktop,16:9,pfv-SUPER-ANCHOR-FINAL,Component-zoom,yaml-block-elevated-8-fields,V-PASS-with-path-concern,PPPPP,frontmatter highlighted,docs/research/visual-prototypes/PF-V/images-P2-vault-preview/pfv-S08-V7-cn-frontmatter-expanded.png,2026-05-07T01:23:00Z,PF-C4-html-source,not-implementation-source,
pfv-S08-V8,P2,S08,vault-preview,8-copy-action,success,desktop,16:9,pfv-SUPER-ANCHOR-FINAL,Component-zoom,toast-md-copied,V-PASS-with-path-concern,PPPPP,action feedback complete,docs/research/visual-prototypes/PF-V/images-P2-vault-preview/pfv-S08-V8-cn-copy-action-TOP3.png,2026-05-07T01:23:00Z,PF-C4-html-source-priority,not-implementation-source,TOP3 action feedback
pfv-S08-V9,P2,S08,vault-preview,9-download-action,ready,desktop,16:9,pfv-SUPER-ANCHOR-FINAL,Component-zoom,download-tooltip-path,V-PASS-with-path-concern,PPPPP,download path tooltip,docs/research/visual-prototypes/PF-V/images-P2-vault-preview/pfv-S08-V9-cn-download-action.png,2026-05-07T01:23:00Z,PF-C4-html-source,not-implementation-source,
pfv-S08-V10,P2,S08,vault-preview,10-diff-mode,ready,desktop,16:9,pfv-SUPER-ANCHOR-FINAL,Component-zoom,diff-html-vs-clean-md,V-PASS-with-path-concern,PPPPP,advanced metaphor strong,docs/research/visual-prototypes/PF-V/images-P2-vault-preview/pfv-S08-V10-cn-diff-mode.png,2026-05-07T01:23:00Z,PF-C4-html-source,not-implementation-source,
pfv-S09-V1,P2,S09,vault-commit,1-standard,blocked,desktop,16:9,pfv-SUPER-ANCHOR-FINAL,Component-zoom,obsidian-raw-vault-subtitle,V-PASS,PPPPP,subtitle EXPLICIT obsidian boundary,docs/research/visual-prototypes/PF-V/images-P2-vault-commit/pfv-S09-V1-cn-standard.png,2026-05-07T01:34:00Z,PF-C4-html-source,not-implementation-source,
pfv-S09-V2,P2,S09,vault-commit,2-tooltip,blocked,desktop,16:9,pfv-SUPER-ANCHOR-FINAL,Component-zoom,knowledge-flywheel-tooltip,V-PASS,PPPPP,KNOWLEDGE FLYWHEEL boundary masterpiece,docs/research/visual-prototypes/PF-V/images-P2-vault-commit/pfv-S09-V2-cn-tooltip-knowledge-flywheel-TOP1.png,2026-05-07T01:34:00Z,PF-C4-html-source-priority,not-implementation-source,TOP1 governance + flywheel boundary
pfv-S09-V3,P2,S09,vault-commit,3-modal-validating,loading,desktop,16:9,pfv-SUPER-ANCHOR-FINAL,Component-zoom,modal-3-checks-progress,V-PASS,PPPPP,modal progress state,docs/research/visual-prototypes/PF-V/images-P2-vault-commit/pfv-S09-V3-cn-modal-validating.png,2026-05-07T01:34:00Z,PF-C4-html-source,not-implementation-source,
pfv-S09-V4,P2,S09,vault-commit,4-modal-pass,success,desktop,16:9,pfv-SUPER-ANCHOR-FINAL,Component-zoom,modal-3-green-checks,V-PASS,PPPPP,modal baseline pass,docs/research/visual-prototypes/PF-V/images-P2-vault-commit/pfv-S09-V4-cn-modal-pass-TOP3.png,2026-05-07T01:34:00Z,PF-C4-html-source-priority,not-implementation-source,TOP3 modal pass
pfv-S09-V5,P2,S09,vault-commit,5-modal-fail,error,desktop,16:9,pfv-SUPER-ANCHOR-FINAL,Component-zoom,frontmatter-missing-hypothesis-seed,V-PASS,PPPPP,go-fix CTA,docs/research/visual-prototypes/PF-V/images-P2-vault-commit/pfv-S09-V5-cn-modal-fail.png,2026-05-07T01:34:00Z,PF-C4-html-source,not-implementation-source,
pfv-S09-V6,P2,S09,vault-commit,6-inline-result,success,desktop,16:9,pfv-SUPER-ANCHOR-FINAL,Component-zoom,inline-3-checks-no-modal,V-PASS,PPPPP,compact validation result,docs/research/visual-prototypes/PF-V/images-P2-vault-commit/pfv-S09-V6-cn-inline-result.png,2026-05-07T01:34:00Z,PF-C4-html-source,not-implementation-source,
pfv-S09-V7,P2,S09,vault-commit,7-compact,blocked,desktop,16:9,pfv-SUPER-ANCHOR-FINAL,Component-zoom,compact-form,V-PASS-with-concern,PPPPP,low differentiation from V1,docs/research/visual-prototypes/PF-V/images-P2-vault-commit/pfv-S09-V7-cn-compact.png,2026-05-07T01:34:00Z,PF-C4-html-source,not-implementation-source,
pfv-S09-V8,P2,S09,vault-commit,8-expanded,blocked,desktop,16:9,pfv-SUPER-ANCHOR-FINAL,Component-zoom,expanded-button-2-line-desc,V-PASS,PPPPP,full description form,docs/research/visual-prototypes/PF-V/images-P2-vault-commit/pfv-S09-V8-cn-expanded.png,2026-05-07T01:34:00Z,PF-C4-html-source,not-implementation-source,
pfv-S09-V9,P2,S09,vault-commit,9-batch-dry-run,active,desktop,16:9,pfv-SUPER-ANCHOR-FINAL,Component-zoom,3-of-5-table-rows,V-PASS,PPPPP,BATCH SCENARIO unique - table format with 3 status icons,docs/research/visual-prototypes/PF-V/images-P2-vault-commit/pfv-S09-V9-cn-batch-dry-run-TOP2.png,2026-05-07T01:34:00Z,PF-C4-html-source-priority,not-implementation-source,TOP2 batch
pfv-S09-V10,P2,S09,vault-commit,10-educational,disabled,desktop,16:9,pfv-SUPER-ANCHOR-FINAL,Component-zoom,first-time-user-hint,V-PASS,PPPPP,educational disabled state with link,docs/research/visual-prototypes/PF-V/images-P2-vault-commit/pfv-S09-V10-cn-educational.png,2026-05-07T01:34:00Z,PF-C4-html-source,not-implementation-source,
pfv-S10-V1,P3,S10,topic-card-lite,1-news-article,ready,desktop,16:9,pfv-SUPER-ANCHOR-FINAL,Card-detail,news-ai-compute-prices,V-PASS,PPPPP,news topic card with 2 evidence URLs,docs/research/visual-prototypes/PF-V/images-P3-topic-card-lite/pfv-S10-V1-cn-news-article.png,2026-05-07T01:42:00Z,PF-C4-html-source,not-implementation-source,
pfv-S10-V2,P3,S10,topic-card-lite,2-bilibili-video,ready,desktop,16:9,pfv-SUPER-ANCHOR-FINAL,Card-detail,video-with-timestamps,V-PASS,PPPPP,VIDEO CORE PRODUCT with timestamp annotations 12:34->23:45,docs/research/visual-prototypes/PF-V/images-P3-topic-card-lite/pfv-S10-V2-cn-bilibili-video-TOP1.png,2026-05-07T01:42:00Z,PF-C4-html-source-priority,not-implementation-source,TOP1 video core product
pfv-S10-V3,P3,S10,topic-card-lite,3-long-blog-truncated,ready,desktop,16:9,pfv-SUPER-ANCHOR-FINAL,Card-detail,truncate-with-expand,V-PASS,PPPPP,expand-all affordance,docs/research/visual-prototypes/PF-V/images-P3-topic-card-lite/pfv-S10-V3-cn-long-blog-truncated.png,2026-05-07T01:42:00Z,PF-C4-html-source,not-implementation-source,
pfv-S10-V4,P3,S10,topic-card-lite,4-empty-signal,partial-ready,desktop,16:9,pfv-SUPER-ANCHOR-FINAL,Card-detail,signal-placeholder,V-PASS,PPPPP,placeholder for manual signal entry,docs/research/visual-prototypes/PF-V/images-P3-topic-card-lite/pfv-S10-V4-cn-empty-signal.png,2026-05-07T01:42:00Z,PF-C4-html-source,not-implementation-source,
pfv-S10-V5,P3,S10,topic-card-lite,5-multi-signal,ready,desktop,16:9,pfv-SUPER-ANCHOR-FINAL,Card-detail,3-bulleted-signals,V-PASS,PPPPP,3 bulleted signal lines accent_live markers,docs/research/visual-prototypes/PF-V/images-P3-topic-card-lite/pfv-S10-V5-cn-multi-signal.png,2026-05-07T01:42:00Z,PF-C4-html-source,not-implementation-source,
pfv-S10-V6,P3,S10,topic-card-lite,6-hypothesis-seed-highlighted,ready,desktop,16:9,pfv-SUPER-ANCHOR-FINAL,Card-detail,hypothesis-elevated-focus-border,V-PASS,PPPPP,surface_elevated + accent_focus border,docs/research/visual-prototypes/PF-V/images-P3-topic-card-lite/pfv-S10-V6-cn-hypothesis-seed-highlighted.png,2026-05-07T01:42:00Z,PF-C4-html-source,not-implementation-source,
pfv-S10-V7,P3,S10,topic-card-lite,7-evidence-pointers,ready,desktop,16:9,pfv-SUPER-ANCHOR-FINAL,Card-detail,5-evidence-with-source-icons,V-PASS,PPPPP,EVIDENCE TRACEABILITY 5 source types - bilibili wechat pdf screenshot dialog,docs/research/visual-prototypes/PF-V/images-P3-topic-card-lite/pfv-S10-V7-cn-evidence-pointers-TOP2.png,2026-05-07T01:42:00Z,PF-C4-html-source-priority,not-implementation-source,TOP2 traceability
pfv-S10-V8,P3,S10,topic-card-lite,8-tags-overflow,ready,desktop,16:9,pfv-SUPER-ANCHOR-FINAL,Card-detail,8-chips-plus-5-overflow,V-PASS,PPPPP,multi-row chip wrap,docs/research/visual-prototypes/PF-V/images-P3-topic-card-lite/pfv-S10-V8-cn-tags-overflow.png,2026-05-07T01:42:00Z,PF-C4-html-source,not-implementation-source,
pfv-S10-V9,P3,S10,topic-card-lite,9-marked-not-useful,blocked,desktop,16:9,pfv-SUPER-ANCHOR-FINAL,Card-detail,downgraded-not-promoted,V-PASS,PPPPP,marked-not-useful card opacity 70 with hint,docs/research/visual-prototypes/PF-V/images-P3-topic-card-lite/pfv-S10-V9-cn-marked-not-useful.png,2026-05-07T01:42:00Z,PF-C4-html-source,not-implementation-source,
pfv-S10-V10,P3,S10,topic-card-lite,10-dual-card-compare,ready,desktop,16:9,pfv-SUPER-ANCHOR-FINAL,Card-detail,side-by-side-compare-mode,V-PASS,PPPPP,DUAL VIEW comparison mode,docs/research/visual-prototypes/PF-V/images-P3-topic-card-lite/pfv-S10-V10-cn-dual-card-compare-TOP3.png,2026-05-07T01:42:00Z,PF-C4-html-source-priority,not-implementation-source,TOP3 compare mode
pfv-S11-V1,P3,S11,topic-card-vault,1-default,ready,desktop,16:9,pfv-SUPER-ANCHOR-FINAL,Aggregation-view,2-col-list-detail,V-PASS,PPPPP,8-row list + first selected detail right,docs/research/visual-prototypes/PF-V/images-P3-topic-card-vault/pfv-S11-V1-cn-default.png,2026-05-07T02:05:00Z,PF-C4-html-source,not-implementation-source,baseline 2-col layout
pfv-S11-V2,P3,S11,topic-card-vault,2-filter-marked-useful,filtered,desktop,16:9,pfv-SUPER-ANCHOR-FINAL,Aggregation-view,filter-chip-active-4-of-8,V-PASS,PPPPP,filter chip + count display,docs/research/visual-prototypes/PF-V/images-P3-topic-card-vault/pfv-S11-V2-cn-filter-marked-useful.png,2026-05-07T02:05:00Z,PF-C4-html-source,not-implementation-source,
pfv-S11-V3,P3,S11,topic-card-vault,3-search-highlight,filtered,desktop,16:9,pfv-SUPER-ANCHOR-FINAL,Aggregation-view,search-query-fts-highlight,V-PASS,PPPPP,FTS in topic card list,docs/research/visual-prototypes/PF-V/images-P3-topic-card-vault/pfv-S11-V3-cn-search-highlight.png,2026-05-07T02:05:00Z,PF-C4-html-source,not-implementation-source,
pfv-S11-V4,P3,S11,topic-card-vault,4-sort-time-desc,ready,desktop,16:9,pfv-SUPER-ANCHOR-FINAL,Aggregation-view,sort-chip-time-desc,V-PASS,PPPPP,sort metaphor,docs/research/visual-prototypes/PF-V/images-P3-topic-card-vault/pfv-S11-V4-cn-sort-time-desc.png,2026-05-07T02:05:00Z,PF-C4-html-source,not-implementation-source,
pfv-S11-V5,P3,S11,topic-card-vault,5-source-url-aggregate,ready,desktop,16:9,pfv-SUPER-ANCHOR-FINAL,Aggregation-view,group-by-source-url-expandable,V-PASS,PPPPP,UNIQUE aggregation pattern - bilibili 3 cards group + example.com 1 card,docs/research/visual-prototypes/PF-V/images-P3-topic-card-vault/pfv-S11-V5-cn-source-url-aggregate-TOP3.png,2026-05-07T02:05:00Z,PF-C4-html-source-priority,not-implementation-source,TOP3 unique aggregation
pfv-S11-V6,P3,S11,topic-card-vault,6-empty-filter-result,empty,desktop,16:9,pfv-SUPER-ANCHOR-FINAL,Aggregation-view,zero-match-reset-cta,V-PASS,PPPPP,double filter zero match + reset CTA,docs/research/visual-prototypes/PF-V/images-P3-topic-card-vault/pfv-S11-V6-cn-empty-filter-result.png,2026-05-07T02:05:00Z,PF-C4-html-source,not-implementation-source,
pfv-S11-V7,P3,S11,topic-card-vault,7-promote-readiness,ready,desktop,16:9,pfv-SUPER-ANCHOR-FINAL,Aggregation-view,3-check-rows-armed-button,V-PASS,PPPPP,PROMOTE GATE viz - hypothesis ✓ + evidence ✓ + signal ✓ + armed CTA,docs/research/visual-prototypes/PF-V/images-P3-topic-card-vault/pfv-S11-V7-cn-promote-readiness-TOP1.png,2026-05-07T02:05:00Z,PF-C4-html-source-priority,not-implementation-source,TOP1 promote gate spec
pfv-S11-V8,P3,S11,topic-card-vault,8-promote-diloflow-modal,success,desktop,16:9,pfv-SUPER-ANCHOR-FINAL,Aggregation-view,modal-source-topic-target-path,V-PASS,PPPPP,DiloFlow EP target path mono ~/workspace/raw/05-Projects/DiloFlow/EPs/,docs/research/visual-prototypes/PF-V/images-P3-topic-card-vault/pfv-S11-V8-cn-promote-diloflow-modal.png,2026-05-07T02:05:00Z,PF-C4-html-source,not-implementation-source,
pfv-S11-V9,P3,S11,topic-card-vault,9-export-modal-obsidian,success,desktop,16:9,pfv-SUPER-ANCHOR-FINAL,Aggregation-view,3-export-options-md-csv-json,V-PASS,PPPPP,Obsidian raw inbox path explicit ~/workspace/raw/00-Inbox/,docs/research/visual-prototypes/PF-V/images-P3-topic-card-vault/pfv-S11-V9-cn-export-modal-obsidian.png,2026-05-07T02:05:00Z,PF-C4-html-source,not-implementation-source,
pfv-S11-V10,P3,S11,topic-card-vault,10-obsidian-sync-status,active,desktop,16:9,pfv-SUPER-ANCHOR-FINAL,Aggregation-view,3-sync-badges-success-warn-focus,V-PASS,PPPPP,CROSS-SYSTEM CONSISTENCY viz - 3 sync states first time visualized,docs/research/visual-prototypes/PF-V/images-P3-topic-card-vault/pfv-S11-V10-cn-obsidian-sync-status-TOP2.png,2026-05-07T02:05:00Z,PF-C4-html-source-priority,not-implementation-source,TOP2 cross-system sync
pfv-S12-V1,P3,S12,signal-hypothesis-ia,1-signal-list,ready,desktop,16:9,pfv-SUPER-ANCHOR-FINAL,Concept-layer,8-row-list-detail-right,V-PASS,PPPPP,baseline IA with hypothesis count chip + capture count chip + status badge,docs/research/visual-prototypes/PF-V/images-P3-signal-hypothesis-ia/pfv-S12-V1-cn-signal-list.png,2026-05-07T02:16:00Z,PF-C4-html-source,not-implementation-source,
pfv-S12-V2,P3,S12,signal-hypothesis-ia,2-signal-expanded,ready,desktop,16:9,pfv-SUPER-ANCHOR-FINAL,Concept-layer,signal-with-3-hypotheses-stars,V-PASS,PPPPP,relations visualized clearly,docs/research/visual-prototypes/PF-V/images-P3-signal-hypothesis-ia/pfv-S12-V2-cn-signal-expanded-with-hypotheses.png,2026-05-07T02:16:00Z,PF-C4-html-source,not-implementation-source,
pfv-S12-V3,P3,S12,signal-hypothesis-ia,3-hypothesis-compare,ready,desktop,16:9,pfv-SUPER-ANCHOR-FINAL,Concept-layer,2-hypothesis-confidence-percent,V-PASS,PPPPP,QUANTITATIVE COMPARE 76.4 vs 43.1 confidence,docs/research/visual-prototypes/PF-V/images-P3-signal-hypothesis-ia/pfv-S12-V3-cn-hypothesis-compare-TOP2.png,2026-05-07T02:16:00Z,PF-C4-html-source-priority,not-implementation-source,TOP2 quantified comparison
pfv-S12-V4,P3,S12,signal-hypothesis-ia,4-signal-lifecycle-stepper,active,desktop,16:9,pfv-SUPER-ANCHOR-FINAL,Concept-layer,4-node-vertical-stepper,V-PASS,PPPPP,SIGNAL GOVERNANCE 4-state lifecycle raw-vetted-linked-archived,docs/research/visual-prototypes/PF-V/images-P3-signal-hypothesis-ia/pfv-S12-V4-cn-signal-lifecycle-stepper-TOP3.png,2026-05-07T02:16:00Z,PF-C4-html-source-priority,not-implementation-source,TOP3 lifecycle governance
pfv-S12-V5,P3,S12,signal-hypothesis-ia,5-signal-empty,empty,desktop,16:9,pfv-SUPER-ANCHOR-FINAL,Concept-layer,dual-cta-auto-manual,V-PASS,PPPPP,empty + dual CTA auto-extract or manual-add,docs/research/visual-prototypes/PF-V/images-P3-signal-hypothesis-ia/pfv-S12-V5-cn-signal-empty.png,2026-05-07T02:16:00Z,PF-C4-html-source,not-implementation-source,
pfv-S12-V6,P3,S12,capture-plan-ia,6-plan-detail,ready,desktop,16:9,pfv-SUPER-ANCHOR-FINAL,Automation-layer,3-section-contract-history,V-PASS,PPPPP,3-segment input/output/run-history visualization,docs/research/visual-prototypes/PF-V/images-P3-capture-plan-ia/pfv-S12-V6-cn-plan-detail.png,2026-05-07T02:16:00Z,PF-C4-html-source,not-implementation-source,
pfv-S12-V7,P3,S12,capture-plan-ia,7-plan-io-contract,ready,desktop,16:9,pfv-SUPER-ANCHOR-FINAL,Automation-layer,5-url-patterns-3-filter-chips-yaml-schema,V-PASS,PPPPP,contract spec complete with mono URL patterns,docs/research/visual-prototypes/PF-V/images-P3-capture-plan-ia/pfv-S12-V7-cn-plan-io-contract.png,2026-05-07T02:16:00Z,PF-C4-html-source,not-implementation-source,
pfv-S12-V8,P3,S12,capture-plan-ia,8-plan-dry-run,active,desktop,16:9,pfv-SUPER-ANCHOR-FINAL,Automation-layer,modal-3-sample-confidence-percent,V-PASS,PPPPP,AUTOMATION METAPHOR 3 sample captures with 92/65/38 confidence + 1 fail,docs/research/visual-prototypes/PF-V/images-P3-capture-plan-ia/pfv-S12-V8-cn-plan-dry-run-TOP1.png,2026-05-07T02:16:00Z,PF-C4-html-source-priority,not-implementation-source,TOP1 dry-run automation
pfv-S12-V9,P3,S12,capture-plan-ia,9-plan-execution-log,active,desktop,16:9,pfv-SUPER-ANCHOR-FINAL,Automation-layer,5-row-mono-log-stages,V-PASS,PPPPP,run summary 6m23s + 12 capture + 14 topic card + 1 error,docs/research/visual-prototypes/PF-V/images-P3-capture-plan-ia/pfv-S12-V9-cn-plan-execution-log.png,2026-05-07T02:16:00Z,PF-C4-html-source,not-implementation-source,
pfv-S12-V10,P3,S12,capture-plan-ia,10-plan-empty,empty,desktop,16:9,pfv-SUPER-ANCHOR-FINAL,Automation-layer,4-step-onboarding-cta,V-PASS,PPPPP,empty plan with 4-step onboarding flow,docs/research/visual-prototypes/PF-V/images-P3-capture-plan-ia/pfv-S12-V10-cn-plan-empty.png,2026-05-07T02:16:00Z,PF-C4-html-source,not-implementation-source,
pfv-S15-V1,P5,S15,icons-system,1-icon-capture,ready,desktop,1:1,pfv-SUPER-ANCHOR-FINAL,Icon-line,inbox-arrow,V-PASS,PPPPP,clean line-icon accent_live capture inbox-arrow,docs/research/visual-prototypes/PF-V/images-P5-icons-system/pfv-S15-V1-cn-icon-capture.png,2026-05-07T02:31:00Z,PF-C4-svg-source,not-implementation-source,
pfv-S15-V2,P5,S15,icons-system,2-icon-preview,ready,desktop,1:1,pfv-SUPER-ANCHOR-FINAL,Icon-line,eye-clean,V-PASS,PPPPP,eye no-pupil clean geometry,docs/research/visual-prototypes/PF-V/images-P5-icons-system/pfv-S15-V2-cn-icon-preview.png,2026-05-07T02:31:00Z,PF-C4-svg-source,not-implementation-source,
pfv-S15-V3,P5,S15,icons-system,3-icon-commit,ready,desktop,1:1,pfv-SUPER-ANCHOR-FINAL,Icon-line,paper-checkmark,V-PASS,PPPPP,paper with corner fold + checkmark,docs/research/visual-prototypes/PF-V/images-P5-icons-system/pfv-S15-V3-cn-icon-commit.png,2026-05-07T02:31:00Z,PF-C4-svg-source,not-implementation-source,
pfv-S15-V4,P5,S15,icons-system,4-icon-dry-run,ready,desktop,1:1,pfv-SUPER-ANCHOR-FINAL,Icon-line,paper-magnifier,V-PASS,PPPPP,paper + magnifying glass overlay,docs/research/visual-prototypes/PF-V/images-P5-icons-system/pfv-S15-V4-cn-icon-dry-run.png,2026-05-07T02:31:00Z,PF-C4-svg-source,not-implementation-source,
pfv-S15-V5,P5,S15,icons-system,5-icon-blocked,blocked,desktop,1:1,pfv-SUPER-ANCHOR-FINAL,Icon-line,lock-with-x,V-PASS,PPPPP,ONLY accent_blocked icon - lock + X dual semantic,docs/research/visual-prototypes/PF-V/images-P5-icons-system/pfv-S15-V5-cn-icon-blocked-TOP2.png,2026-05-07T02:31:00Z,PF-C4-svg-source-priority,not-implementation-source,TOP2 only red icon
pfv-S15-V6,P5,S15,icons-system,6-icon-signal,ready,desktop,1:1,pfv-SUPER-ANCHOR-FINAL,Icon-line,radial-3-ring,V-PASS,PPPPP,strongest aesthetic - radial pulse,docs/research/visual-prototypes/PF-V/images-P5-icons-system/pfv-S15-V6-cn-icon-signal-TOP3.png,2026-05-07T02:31:00Z,PF-C4-svg-source-priority,not-implementation-source,TOP3 visual aesthetic
pfv-S15-V7,P5,S15,icons-system,7-icon-hypothesis,ready,desktop,1:1,pfv-SUPER-ANCHOR-FINAL,Icon-line,hexagonal-bulb,V-PASS,PPPPP,non-illustrated geometric bulb,docs/research/visual-prototypes/PF-V/images-P5-icons-system/pfv-S15-V7-cn-icon-hypothesis.png,2026-05-07T02:31:00Z,PF-C4-svg-source,not-implementation-source,
pfv-S15-V8,P5,S15,icons-system,8-icon-plan,ready,desktop,1:1,pfv-SUPER-ANCHOR-FINAL,Icon-line,clipboard-numbered-rows,V-PASS,PPPPP,clipboard + 1 + checkbox rows,docs/research/visual-prototypes/PF-V/images-P5-icons-system/pfv-S15-V8-cn-icon-plan.png,2026-05-07T02:31:00Z,PF-C4-svg-source,not-implementation-source,
pfv-S15-V9,P5,S15,icons-system,9-icon-trace,ready,desktop,1:1,pfv-SUPER-ANCHOR-FINAL,Icon-line,3-node-graph,V-PASS,PPPPP,SUPER-ANCHOR soul element minimized as icon,docs/research/visual-prototypes/PF-V/images-P5-icons-system/pfv-S15-V9-cn-icon-trace-TOP1.png,2026-05-07T02:31:00Z,PF-C4-svg-source-priority,not-implementation-source,TOP1 graph as icon
pfv-S15-V10,P5,S15,icons-system,10-icon-evidence,ready,desktop,1:1,pfv-SUPER-ANCHOR-FINAL,Icon-line,3-papers-stacked,V-PASS,PPPPP,3 staggered papers + corner fold,docs/research/visual-prototypes/PF-V/images-P5-icons-system/pfv-S15-V10-cn-icon-evidence.png,2026-05-07T02:31:00Z,PF-C4-svg-source,not-implementation-source,
pfv-S16-V1,P5,S16,icons-state,1-icon-live,active,desktop,1:1,pfv-SUPER-ANCHOR-FINAL,Icon-line,radar-rotation-arrow,V-PASS,PPPPP,radar+rotation arrow accent_live - upgrade from S15-V1 inbox-arrow,docs/research/visual-prototypes/PF-V/images-P5-icons-state/pfv-S16-V1-cn-icon-live-TOP2.png,2026-05-07T10:00:00Z,PF-C4-svg-source-priority,not-implementation-source,TOP2 live state primary
pfv-S16-V2,P5,S16,icons-state,2-icon-success,ready,desktop,1:1,pfv-SUPER-ANCHOR-FINAL,Icon-line,ring-checkmark-thin,V-PASS,PPPPP,accent_success thin checkmark in ring,docs/research/visual-prototypes/PF-V/images-P5-icons-state/pfv-S16-V2-cn-icon-success.png,2026-05-07T10:00:00Z,PF-C4-svg-source,not-implementation-source,
pfv-S16-V3,P5,S16,icons-state,3-icon-warning,active,desktop,1:1,pfv-SUPER-ANCHOR-FINAL,Icon-line,triangle-exclamation,V-PASS,PPPPP,accent_warn triangle + ! classic warning,docs/research/visual-prototypes/PF-V/images-P5-icons-state/pfv-S16-V3-cn-icon-warning.png,2026-05-07T10:00:00Z,PF-C4-svg-source,not-implementation-source,
pfv-S16-V4,P5,S16,icons-state,4-icon-error,active,desktop,1:1,pfv-SUPER-ANCHOR-FINAL,Icon-line,ring-x,V-PASS,PPPPP,accent_warn ring with X - shape distinguishes from warning triangle,docs/research/visual-prototypes/PF-V/images-P5-icons-state/pfv-S16-V4-cn-icon-error.png,2026-05-07T10:00:00Z,PF-C4-svg-source,not-implementation-source,
pfv-S16-V5,P5,S16,icons-state,5-icon-blocked,blocked,desktop,1:1,pfv-SUPER-ANCHOR-FINAL,Icon-line,circle-slash,V-PASS,PPPPP,accent_blocked circle+slash - action denied semantic vs S15-V5 lock+X,docs/research/visual-prototypes/PF-V/images-P5-icons-state/pfv-S16-V5-cn-icon-blocked.png,2026-05-07T10:00:00Z,PF-C4-svg-source,not-implementation-source,blocked tier 1
pfv-S16-V6,P5,S16,icons-state,6-icon-locked,blocked,desktop,1:1,pfv-SUPER-ANCHOR-FINAL,Icon-line,padlock-body,V-PASS,PPPPP,accent_blocked full padlock - state-locked semantic distinct from blocked,docs/research/visual-prototypes/PF-V/images-P5-icons-state/pfv-S16-V6-cn-icon-locked.png,2026-05-07T10:00:00Z,PF-C4-svg-source,not-implementation-source,blocked tier 2
pfv-S16-V7,P5,S16,icons-state,7-icon-focus,active,desktop,1:1,pfv-SUPER-ANCHOR-FINAL,Icon-line,viewfinder-crosshair,V-PASS,PPPPP,accent_focus viewfinder + crosshair + center dot - elegant focus semantic,docs/research/visual-prototypes/PF-V/images-P5-icons-state/pfv-S16-V7-cn-icon-focus-TOP1.png,2026-05-07T10:00:00Z,PF-C4-svg-source-priority,not-implementation-source,TOP1 strongest design
pfv-S16-V8,P5,S16,icons-state,8-icon-loading,active,desktop,1:1,pfv-SUPER-ANCHOR-FINAL,Icon-line,3-dot-progressive,V-PASS,PPPPP,accent_focus 3 dots progressive size - novel loading metaphor,docs/research/visual-prototypes/PF-V/images-P5-icons-state/pfv-S16-V8-cn-icon-loading-TOP3.png,2026-05-07T10:00:00Z,PF-C4-svg-source-priority,not-implementation-source,TOP3 unique pattern
pfv-S16-V9,P5,S16,icons-state,9-icon-empty,empty,desktop,1:1,pfv-SUPER-ANCHOR-FINAL,Icon-line,dashed-circle,V-PASS,PPPPP,text_muted dashed circle - clean empty semantic,docs/research/visual-prototypes/PF-V/images-P5-icons-state/pfv-S16-V9-cn-icon-empty.png,2026-05-07T10:00:00Z,PF-C4-svg-source,not-implementation-source,
pfv-S16-V10,P5,S16,icons-state,10-icon-ready,ready,desktop,1:1,pfv-SUPER-ANCHOR-FINAL,Icon-line,ring-checkmark-bold,V-PASS,PPPPP,accent_success bolder checkmark vs V2 - paired contrast,docs/research/visual-prototypes/PF-V/images-P5-icons-state/pfv-S16-V10-cn-icon-ready.png,2026-05-07T10:00:00Z,PF-C4-svg-source,not-implementation-source,
pfv-S17-V1,P6,S17,density-refinement,1-density-sparse,active,desktop,16:9,pfv-SUPER-ANCHOR-FINAL,Density-spectrum,sparse-large-type-airy-spacing,V-PASS,PPPPP,hero metric large 32px - presentation/screenshot mode,docs/research/visual-prototypes/PF-V/images-P6-density-refinement/pfv-S17-V1-cn-density-sparse.png,2026-05-07T10:11:00Z,PF-C4-html-source,not-implementation-source,
pfv-S17-V2,P6,S17,density-refinement,2-density-standard,active,desktop,16:9,pfv-SUPER-ANCHOR-FINAL,Density-spectrum,baseline-default-tokens,V-PASS,PPPPP,baseline most-similar to anchor - reference,docs/research/visual-prototypes/PF-V/images-P6-density-refinement/pfv-S17-V2-cn-density-standard.png,2026-05-07T10:11:00Z,PF-C4-html-source,not-implementation-source,
pfv-S17-V3,P6,S17,density-refinement,3-density-compact,active,desktop,16:9,pfv-SUPER-ANCHOR-FINAL,Density-spectrum,compact-12fields-inline-domain,V-PASS,PPPPP,operator-daily-recommended - one-screen all core info,docs/research/visual-prototypes/PF-V/images-P6-density-refinement/pfv-S17-V3-cn-density-compact-TOP1.png,2026-05-07T10:11:00Z,PF-C4-html-source-priority,not-implementation-source,TOP1 production default density
pfv-S17-V4,P6,S17,density-refinement,4-density-dense,active,desktop,16:9,pfv-SUPER-ANCHOR-FINAL,Density-spectrum,dense-16fields-bloomberg-mood,V-PASS,PPPPP,expert high-frequency Bloomberg Terminal feel - 4px grid,docs/research/visual-prototypes/PF-V/images-P6-density-refinement/pfv-S17-V4-cn-density-dense-TOP3.png,2026-05-07T10:11:00Z,PF-C4-html-source-priority,not-implementation-source,TOP3 expert mode toggle
pfv-S17-V5,P6,S17,density-refinement,5-density-logger-bias,active,desktop,16:9,pfv-SUPER-ANCHOR-FINAL,Density-spectrum,trust-trace-logger-15rows,V-PASS,PPPPP,debug/forensic mode - logger bias on Trust Trace col,docs/research/visual-prototypes/PF-V/images-P6-density-refinement/pfv-S17-V5-cn-density-logger-bias.png,2026-05-07T10:11:00Z,PF-C4-html-source,not-implementation-source,
pfv-S17-V6,P6,S17,density-refinement,6-density-monitor-bias,active,desktop,16:9,pfv-SUPER-ANCHOR-FINAL,Density-spectrum,live-metadata-sparkline-grid,V-PASS,PPPPP,monitor mode - dashboard-like Live Metadata col,docs/research/visual-prototypes/PF-V/images-P6-density-refinement/pfv-S17-V6-cn-density-monitor-bias.png,2026-05-07T10:11:00Z,PF-C4-html-source,not-implementation-source,
pfv-S17-V7,P6,S17,density-refinement,7-density-decision-bias,active,desktop,16:9,pfv-SUPER-ANCHOR-FINAL,Density-spectrum,capture-scope-decision-grid,V-PASS,PPPPP,decision-dense - toggles+checkboxes+tree on Capture Scope col,docs/research/visual-prototypes/PF-V/images-P6-density-refinement/pfv-S17-V7-cn-density-decision-bias.png,2026-05-07T10:11:00Z,PF-C4-html-source,not-implementation-source,
pfv-S17-V8,P6,S17,density-refinement,8-density-mixed-dense,active,desktop,16:9,pfv-SUPER-ANCHOR-FINAL,Density-spectrum,3col-dense-with-hierarchy,V-PASS,PPPPP,info-max + visual hierarchy via accent_live restraint,docs/research/visual-prototypes/PF-V/images-P6-density-refinement/pfv-S17-V8-cn-density-mixed-dense-TOP2.png,2026-05-07T10:11:00Z,PF-C4-html-source-priority,not-implementation-source,TOP2 hierarchy reference
pfv-S17-V9,P6,S17,density-refinement,9-density-sparse-breathing,active,desktop,16:9,pfv-SUPER-ANCHOR-FINAL,Density-spectrum,big-screen-presentation-mode,V-PASS,PPPPP,large-screen/presentation mode - hero+3supporting per panel,docs/research/visual-prototypes/PF-V/images-P6-density-refinement/pfv-S17-V9-cn-density-sparse-breathing.png,2026-05-07T10:11:00Z,PF-C4-html-source,not-implementation-source,
pfv-S17-V10,P6,S17,density-refinement,10-density-ultra-compact,active,desktop,16:9,pfv-SUPER-ANCHOR-FINAL,Density-spectrum,fill-100pct-multi-monitor-mode,V-PASS,PPPPP,multi-monitor primary operator - 2.5x V2 throughput,docs/research/visual-prototypes/PF-V/images-P6-density-refinement/pfv-S17-V10-cn-density-ultra-compact.png,2026-05-07T10:11:00Z,PF-C4-html-source,not-implementation-source,
pfv-S18-V1,P6,S18,typography-refinement,1-type-default,active,desktop,16:9,pfv-SUPER-ANCHOR-FINAL,Type-spectrum,baseline-default-token,V-PASS,PPPPP,baseline reference - hero 28/600 title 20/600 body 14/400 lh 1.45,docs/research/visual-prototypes/PF-V/images-P6-typography-refinement/pfv-S18-V1-cn-type-default-TOP1.png,2026-05-07T10:23:00Z,PF-C4-html-source-priority,not-implementation-source,TOP1 reference baseline
pfv-S18-V2,P6,S18,typography-refinement,2-type-modular-scale-1.25,active,desktop,16:9,pfv-SUPER-ANCHOR-FINAL,Type-spectrum,modular-scale-major-third,V-PASS,PPPPP,modular 1.25 ratio - 12/14/17.5/21.9/27.3 smooth rhythm,docs/research/visual-prototypes/PF-V/images-P6-typography-refinement/pfv-S18-V2-cn-type-modular-1-250.png,2026-05-07T10:23:00Z,PF-C4-html-source,not-implementation-source,
pfv-S18-V3,P6,S18,typography-refinement,3-type-mathematical-1.5,active,desktop,16:9,pfv-SUPER-ANCHOR-FINAL,Type-spectrum,mathematical-perfect-fifth-large,V-PASS,PPPPP,1.5 ratio large hero - 12/14/21/31/47 hero metric prominent,docs/research/visual-prototypes/PF-V/images-P6-typography-refinement/pfv-S18-V3-cn-type-mathematical-1-5.png,2026-05-07T10:23:00Z,PF-C4-html-source,not-implementation-source,
pfv-S18-V4,P6,S18,typography-refinement,4-type-weight-heavy,active,desktop,16:9,pfv-SUPER-ANCHOR-FINAL,Type-spectrum,weight-hierarchy-bold-800,V-PASS,PPPPP,heavy weight hero 800 title 700 - operator workstation serious mood,docs/research/visual-prototypes/PF-V/images-P6-typography-refinement/pfv-S18-V4-cn-type-weight-heavy-TOP2.png,2026-05-07T10:23:00Z,PF-C4-html-source-priority,not-implementation-source,TOP2 production recommended weight hierarchy
pfv-S18-V5,P6,S18,typography-refinement,5-type-weight-light,active,desktop,16:9,pfv-SUPER-ANCHOR-FINAL,Type-spectrum,weight-hierarchy-light-300,V-PASS,PPPPP,light weight 300/400 - minimal mood distinct from heavy,docs/research/visual-prototypes/PF-V/images-P6-typography-refinement/pfv-S18-V5-cn-type-weight-light.png,2026-05-07T10:23:00Z,PF-C4-html-source,not-implementation-source,
pfv-S18-V6,P6,S18,typography-refinement,6-type-mono-emphasis,active,desktop,16:9,pfv-SUPER-ANCHOR-FINAL,Type-spectrum,mono-fields-bold-priority,V-PASS,PPPPP,mono IDs/paths/timestamps boosted to 16/600 - machine-truth style,docs/research/visual-prototypes/PF-V/images-P6-typography-refinement/pfv-S18-V6-cn-type-mono-emphasis-TOP3.png,2026-05-07T10:23:00Z,PF-C4-html-source-priority,not-implementation-source,TOP3 IDs/paths visual weight max
pfv-S18-V7,P6,S18,typography-refinement,7-type-letterspacing-tight,active,desktop,16:9,pfv-SUPER-ANCHOR-FINAL,Type-spectrum,letterspacing-negative-2pct,V-PASS,PPPPP,title -2% mono -1% Bloomberg-tight character spacing,docs/research/visual-prototypes/PF-V/images-P6-typography-refinement/pfv-S18-V7-cn-type-letterspacing-tight.png,2026-05-07T10:23:00Z,PF-C4-html-source,not-implementation-source,
pfv-S18-V8,P6,S18,typography-refinement,8-type-letterspacing-wide,active,desktop,16:9,pfv-SUPER-ANCHOR-FINAL,Type-spectrum,letterspacing-positive-5pct,V-PASS,PPPPP,caption +5% body +1% - long-shift readability,docs/research/visual-prototypes/PF-V/images-P6-typography-refinement/pfv-S18-V8-cn-type-letterspacing-wide.png,2026-05-07T10:23:00Z,PF-C4-html-source,not-implementation-source,
pfv-S18-V9,P6,S18,typography-refinement,9-type-lineheight-lush,active,desktop,16:9,pfv-SUPER-ANCHOR-FINAL,Type-spectrum,lineheight-1-6-vertical-rhythm,V-PASS,PPPPP,body lh 1.6 title 1.3 - long evidence rows scanning friendly,docs/research/visual-prototypes/PF-V/images-P6-typography-refinement/pfv-S18-V9-cn-type-lineheight-lush.png,2026-05-07T10:23:00Z,PF-C4-html-source,not-implementation-source,
pfv-S18-V10,P6,S18,typography-refinement,10-type-variable-showcase,active,desktop,16:9,pfv-SUPER-ANCHOR-FINAL,Type-spectrum,inter-variable-axis-demo,V-PASS,PPPPP,Inter Variable demo capture_id 4 weights 100/300/500/700,docs/research/visual-prototypes/PF-V/images-P6-typography-refinement/pfv-S18-V10-cn-type-variable-showcase.png,2026-05-07T10:23:00Z,PF-C4-html-source,not-implementation-source,
